path,target
audio/175dc38b57b1862b.wav,0
audio/16c5a2c346e71647.wav,0
audio/3c2d4b2fb471512a.wav,0
audio/da80b5f5521d9323.wav,0
audio/5de54cf7bbcd7355.wav,0
audio/516c17e3c87492fd.wav,0
audio/8918edc50d601091.wav,0
audio/940c138562c6ff2e.wav,0
audio/d5c8e398a4affa06.wav,1
audio/df4832c4dfbdc4fa.wav,1
audio/c6a773b8ae680053.wav,1
audio/b84b756fb1f29398.wav,1
audio/8e61a255e253a3c4.wav,1
audio/3628947b230ad7ec.wav,1
audio/aa1dd751f37c0d3e.wav,1
audio/95f93827fd281e5b.wav,1
audio/0b71ef25691817b7.wav,2
audio/6d92cec68acc1102.wav,2
audio/871b04811231a696.wav,2
audio/f7bb2e15c92bf658.wav,2
audio/5cd425146c905b6c.wav,2
audio/e78a7081ac42b03b.wav,2
audio/e60c8348d51eb442.wav,2
audio/98f5527e77bf2149.wav,2
audio/f90ba078dc083546.wav,3
audio/0705c0f93dcc0ea1.wav,3
audio/324e7930cb6d36df.wav,3
audio/fb0d97c877cfed61.wav,3
audio/50b9bcadea0f19df.wav,3
audio/df0e6f880a1d638f.wav,3
audio/599ed78c43b013ce.wav,3
audio/fde8ab738cf600c3.wav,3
audio/8900ebdb78710f3a.wav,4
audio/f0b5b9e2dab3e25d.wav,4
audio/4d98cd83fcfb0886.wav,4
audio/246c1ec297328a97.wav,4
audio/cc3ac1fe390246e9.wav,4
audio/208d06fa36c786b4.wav,4
audio/3860fdca72adf906.wav,4
audio/1fad3dc2595baa3f.wav,4
audio/4d3ca0c3d8e83a73.wav,4
audio/dffdc1cc0691e172.wav,4
audio/3cc6a0fcc0e21303.wav,4
audio/50f71a11cb751d88.wav,4
audio/6d3b62eaa9b12704.wav,4
audio/64fb966a2e685a14.wav,4
audio/1cc9bbf609f4957b.wav,4
audio/1cb51583748aea94.wav,4
audio/339a7798af5fabc1.wav,4
audio/28d08f53bda53a78.wav,4
audio/505a27ffa1550415.wav,4
audio/c07599d79680c392.wav,4
audio/5bca9ac25d9b6320.wav,4
audio/f806a99f286bc428.wav,4
audio/3957d57cd1ef67da.wav,4
audio/8dca346d50665ff8.wav,5
audio/9661b60b2cdb5321.wav,5
audio/a8d52b54aaaaba8a.wav,5
audio/946970257a0a978f.wav,5
audio/11d1b56e9090ee8d.wav,5
audio/7331743873fe0770.wav,5
audio/9a3a0fbfed7eea4c.wav,5
audio/ad6a7d238b73f397.wav,5
audio/ffa8295906a49498.wav,6
audio/4d6cb2343927e259.wav,6
audio/70d46f6d289672cd.wav,6
audio/2300ab8db0b2783f.wav,6
audio/09399795d757914b.wav,6
audio/60350f3dc5c85138.wav,6
audio/da537a0bca3c9edc.wav,1
audio/b85c1adfa43253bb.wav,6
audio/6480cd5b96c4f425.wav,3
audio/0747348427993753.wav,3
audio/58c8c520a924bd55.wav,3
audio/d58e2ba290f1b808.wav,3
audio/1e454d57174c3e66.wav,3
audio/6f75eedd6ac5edff.wav,3
audio/3bc83251181843e0.wav,3
audio/1e461e8aaac4a5bd.wav,3
audio/86eee9f12c6cbfcd.wav,8
audio/b3f83f04a66806f3.wav,8
audio/eb9f3e355c3b1831.wav,8
audio/c97103984c5bfda3.wav,8
audio/32d178ee39da92e4.wav,8
audio/f175145e4306cecb.wav,8
audio/cdb6e3844ecb63e2.wav,8
audio/eebe07a789c9cdd4.wav,8
audio/b48c3e5b877776e3.wav,9
audio/830441173476a059.wav,9
audio/b7f68988df8eb452.wav,9
audio/7ceb1bdf7f8251f9.wav,9
audio/f6d4f3f5473e5f79.wav,17
audio/9968210d44a735f9.wav,9
audio/f866ad0d4d739ccb.wav,19
audio/7f3680981958063c.wav,9
audio/0be19fc4f2a327c4.wav,9
audio/bec0da783550b9f2.wav,9
audio/737a9bbc5452c52f.wav,9
audio/2cfe760f2975a4aa.wav,9
audio/85e035f9970fec02.wav,9
audio/6a780d50672ca45f.wav,9
audio/e9bda693d57ccb88.wav,9
audio/e3f67ee794d0d605.wav,9
audio/7695bcd40063974e.wav,11
audio/972bec25a030f574.wav,11
audio/3ffafd53316a56f5.wav,11
audio/7510c1cf87ead5c7.wav,11
audio/a713125942328eeb.wav,11
audio/ca22b0fd8db8161f.wav,11
audio/8113be42f93b40bb.wav,11
audio/08fe089228b8b336.wav,11
audio/300d31e516c7edc7.wav,11
audio/6205747cce3279c4.wav,11
audio/75b4b87c856e7827.wav,11
audio/3f60f7c027923ec2.wav,11
audio/fe91f3973a656752.wav,11
audio/2fb7980f54d3d900.wav,11
audio/3e46583ed81e9bdb.wav,11
audio/18f8dcdc00472b5b.wav,11
audio/08442588b0c7de8e.wav,11
audio/a76378c26e818993.wav,11
audio/cd0940e901157efb.wav,11
audio/d587746b1f98e4b0.wav,11
audio/388101a931d760a2.wav,11
audio/ecc4b68fd1135220.wav,11
audio/744582f150504df3.wav,11
audio/1ed8e1b5e7531326.wav,12
audio/b2b55b493b24a4b0.wav,12
audio/b4870dd6b8231382.wav,12
audio/4f5ea61e16bea8a5.wav,12
audio/76a2da6e4a3473cc.wav,12
audio/14bd9a0c5df5a964.wav,12
audio/2642d1ee4400802d.wav,12
audio/dde886107efa6142.wav,12
audio/c6dff5f5b02e3175.wav,13
audio/5d6f6f3371ae1d7f.wav,13
audio/af500752f5854fca.wav,13
audio/20cabc5d4d373a0f.wav,13
audio/87eeffa255da7d6b.wav,13
audio/6537282eb79f56e5.wav,13
audio/7818ede4e47d5366.wav,13
audio/baaac22abb78513a.wav,13
audio/bd3bb2fb1798f4a9.wav,13
audio/c17e65515cef165b.wav,13
audio/679d61aaca3a5793.wav,13
audio/2661041268c6c494.wav,13
audio/7ad982dac04da186.wav,13
audio/88b7100093bc9e5f.wav,13
audio/961711556adcca7f.wav,13
audio/43884c27c77eb3f3.wav,13
audio/31d4ee44b2f7560f.wav,13
audio/f4658adb568813eb.wav,13
audio/4dc7d2605698d0b4.wav,13
audio/497b0c13d74287a3.wav,13
audio/5c128218e882cbc8.wav,13
audio/4f904ba4bc27447e.wav,13
audio/aafe872d6e651b12.wav,13
audio/12327cebc74af67e.wav,14
audio/ef217b8cde6051d0.wav,14
audio/fb46cf4cbab4b830.wav,14
audio/269e0071c1f6e8ef.wav,14
audio/7744c7a65b8cc362.wav,14
audio/d0610fd4120116f8.wav,14
audio/4dcddfc28e6cc78c.wav,14
audio/7abb6c34dc3e9f01.wav,14
audio/62699f9844bddc84.wav,14
audio/d345d64a68694d08.wav,14
audio/8657aa8dc2343e75.wav,14
audio/7e1b1dee670b0387.wav,14
audio/55a9bb06203bc8ec.wav,14
audio/dc1d15b2fffcd9a6.wav,14
audio/6f490101154ed0ac.wav,14
audio/89c7e434150569b1.wav,11
audio/1439ae62f76a8fe5.wav,11
audio/b9ed411826e5458b.wav,11
audio/3de49ca94736033e.wav,11
audio/0b880ee700490150.wav,11
audio/23e9192a5ebc48d6.wav,15
audio/ab21c6a79c4b6c93.wav,11
audio/5e07082d7c33c3dc.wav,11
audio/7256cc9b96d05313.wav,11
audio/4f6cdea4a0771fde.wav,15
audio/be0eb025fb851154.wav,15
audio/5afbfd7920bfcd8e.wav,22
audio/433a66151dc65c1b.wav,11
audio/af8b824a95dbf157.wav,11
audio/2c4af75c27a900ed.wav,11
audio/d19da664f920f3c2.wav,11
audio/2a1cd61c5a691f67.wav,11
audio/34847d38cbc59cb4.wav,11
audio/9df11d6a0810c9d6.wav,11
audio/ee0bc2a528d0a08a.wav,11
audio/d5cbb2c1d0a4efb5.wav,11
audio/d8d257ef7ef4fabe.wav,15
audio/55c502643d8e0c29.wav,15
audio/e65d95fd7f0dd66a.wav,15
audio/79c76db8bc5c1c56.wav,9
audio/bcd2026f6a8c42e0.wav,15
audio/0bfc0e9c59520eb3.wav,17
audio/0b5cfc3c60ebf6c1.wav,16
audio/ec6c8a96a5432584.wav,17
audio/c8c5ed38d602954f.wav,16
audio/eabf6f4e97d4a817.wav,16
audio/6312d000214f6328.wav,17
audio/93350ebec461d08a.wav,17
audio/f3fd777dc62925c5.wav,17
audio/bcd7f0602c2798e1.wav,17
audio/05619bef650f9bd8.wav,17
audio/e34a26b1b99da6fb.wav,17
audio/2b627b67e7a8341b.wav,17
audio/46c42ed5dfca2783.wav,17
audio/c201444e7da1a179.wav,17
audio/8497545c5e3f2219.wav,17
audio/7969a247bc944c8d.wav,17
audio/45c61d66fd487ad9.wav,17
audio/0fb50b0840bb719d.wav,17
audio/1fb15950660c0288.wav,17
audio/e456ac2bdfbc64e6.wav,17
audio/d1e8f340037a4900.wav,18
audio/91c10fa583076336.wav,19
audio/8549d3f062fb6edc.wav,18
audio/8924876bdb948c1b.wav,3
audio/3fd138ce994f9103.wav,18
audio/d99bb2df95d48d79.wav,18
audio/6fb01a1c26035fee.wav,18
audio/b2928096e9dff954.wav,18
audio/fade5100e0934f31.wav,18
audio/1fe9194139d7fe0b.wav,18
audio/24e0a4eeda3febfc.wav,4
audio/1200caddcfc16183.wav,18
audio/c7076eda50e71f6f.wav,18
audio/3c3a1041de8024b1.wav,19
audio/0b0d412dd87020f4.wav,18
audio/222b41b778984f80.wav,20
audio/e055737a796b53fc.wav,19
audio/e626d59ccd7c486c.wav,19
audio/43377fdbd32fde0c.wav,19
audio/eb471f8089eae0f5.wav,11
audio/afa4ebcc14192640.wav,19
audio/c3c445804685cef9.wav,11
audio/608dbf97c7e2ee63.wav,19
audio/d56b63fa865fc82b.wav,19
audio/1416ca14b09b49f2.wav,19
audio/df6199ffeb198334.wav,19
audio/8782b1a433544703.wav,19
audio/83f7ddfc4378bee8.wav,19
audio/4f51c3a322ae95ff.wav,19
audio/347165e332202fe6.wav,19
audio/224c3da542f3ece9.wav,20
audio/21170b57b9aa26e8.wav,20
audio/2366958434b4908c.wav,20
audio/842528d293b7e6ea.wav,20
audio/82f7705040591d60.wav,20
audio/7ca5f1447b34aa1e.wav,20
audio/ecc9b294ef3c7b76.wav,20
audio/9089deb7eb91f5f8.wav,20
audio/c66a221dde709ea2.wav,20
audio/c1b67edeec2818ff.wav,20
audio/27185ad9d6746c8e.wav,20
audio/6bf360f189091a28.wav,20
audio/89d6c997a142fecc.wav,20
audio/18cc394b4602002d.wav,20
audio/08d88405bcf26728.wav,19
audio/20c611d2323a60db.wav,19
audio/8a8108b2619d8992.wav,21
audio/7ae219d7be5c6ae3.wav,21
audio/658e1529e9ce9404.wav,21
audio/aabe7d72e85d89e6.wav,21
audio/10b29701c335aa7c.wav,21
audio/6d1be2a90d07e90c.wav,21
audio/aa0db019677a9d97.wav,21
audio/1a6254cc51866e6f.wav,21
audio/691e9c0981040175.wav,21
audio/36e6fac2002c234c.wav,23
audio/40d60769b0aaf64a.wav,21
audio/7795bc88c00db57d.wav,21
audio/13c4b434469c6357.wav,21
audio/32229c48b8ff381b.wav,21
audio/ccac60be53d38817.wav,22
audio/aa704ce6ba2f71c7.wav,22
audio/008882a56984cabf.wav,22
audio/99c3702b8a632972.wav,19
audio/80f7f321df79f74a.wav,22
audio/fab2ed2d44666d0d.wav,22
audio/d70c42da469f1778.wav,15
audio/dee4f902c1f5f5e4.wav,11
audio/0815d904eb9f259d.wav,22
audio/674ea713789a26a3.wav,22
audio/b6ce52e172e19291.wav,22
audio/3172470e0ff8ab0a.wav,22
audio/25c30a93a3e29760.wav,22
audio/828b50935379941a.wav,22
audio/ab677d858845a598.wav,22
audio/40c841b5be606567.wav,23
audio/f7c5c9aa13e02f2f.wav,17
audio/9186b168c456f062.wav,23
audio/2ae4d1f444779979.wav,23
audio/e3ee14bb4a3f9b7b.wav,23
audio/0d2b3e1ab0dc9eb1.wav,9
audio/5908e87877faec78.wav,17
audio/7acf485b1c37faee.wav,23
audio/9ecf999c32d617b1.wav,23
audio/23ac386db2868efd.wav,17
audio/7693713969b235e9.wav,23
audio/60ba920e13036310.wav,19
audio/0eafd8ccae9e5c01.wav,19
audio/f180c5bd12d31078.wav,23
audio/464ec5ec6e48d8d8.wav,17
audio/2dc65f57a0f8f4c0.wav,24
audio/1f85d705709e03bd.wav,23
audio/84b46fe4234c9571.wav,24
audio/28287016eabc226b.wav,11
audio/4564a2ffc67877dd.wav,17
audio/98b666bda8d820b5.wav,24
audio/7f487a4516b409cb.wav,24
audio/d3d60dfeebd61540.wav,24
audio/579814f9dd12eda7.wav,17
audio/a925548fffee6fbf.wav,24
audio/1e61d7d374cbc762.wav,24
audio/dd132f881659c928.wav,23
audio/d4ea9e1766682d25.wav,24
audio/3ccb0950617c60f8.wav,24
audio/7eb80aec5d100efe.wav,24
audio/2e5862cff75933ca.wav,25
audio/30d91140d4c4bfb4.wav,25
audio/03913e8e705b9af1.wav,4
audio/3cc97fac498752e3.wav,25
audio/b338c27538535a81.wav,25
audio/6cc905be8e7573c1.wav,25
audio/987904d5ac2cf987.wav,25
audio/818d3ee38863dbb5.wav,25
audio/9a1e98cb601e3954.wav,25
audio/017956877de7cbd7.wav,25
audio/8e7fdd10b8957d0f.wav,26
audio/711ac1deddb7e0ef.wav,26
audio/c5b8212dea10a177.wav,26
audio/e9de24552da9bf89.wav,28
audio/5d072547ae93e93a.wav,26
audio/6d2f5a54c21b9288.wav,26
audio/5c6267a390565595.wav,26
audio/98571ba9aa44acb9.wav,26
audio/5b170e866b33a2dd.wav,26
audio/27f7766e682b2431.wav,26
audio/3eaf95e87b30fd21.wav,27
audio/e82abef652508922.wav,27
audio/354ffb54bc473d8e.wav,27
audio/44f2f19596c9064e.wav,27
audio/bf67d1af4b57da5b.wav,27
audio/460e534b75919e8c.wav,28
audio/6effacda8389512d.wav,27
audio/ab90958246bf46ad.wav,27
audio/3c04f85b7f252f24.wav,28
audio/8e0e5394b65f5bbb.wav,27
audio/9dbf58293f090220.wav,28
audio/49cd32d33cfff3b6.wav,28
audio/5360af58d28d4cb0.wav,28
audio/3878faacea8a3682.wav,28
audio/15ab2104b7f71397.wav,28
audio/afb8e8313a5c0915.wav,28
audio/25f24cbaebd9b6df.wav,28
audio/95162017db226d18.wav,28
audio/4f76092d26148c05.wav,28
audio/929ac8eaa6895c6e.wav,28
